"1","  |                                                                                              "
"1","  |...............................................................                         |  71%"
"1","
"
"1","  ordinary text without R code
"
"1","
"
"1","  |                                                                                              "
"1","  |...................................................................                     |  76%"
"1","
"
"1","label:"
"1"," "
"1","unnamed-chunk-9"
"1","
"
"1","  |                                                                                              "
"1","  |.......................................................................                 |  81%"
"1","
"
"1","  ordinary text without R code
"
"1","
"
"1","  |                                                                                              "
"1","  |...........................................................................             |  86%"
"1","
"
"1","label:"
"1"," "
"1","unnamed-chunk-10"
"1","
"
"1","  |                                                                                              "
"1","  |................................................................................        |  90%"
"1","
"
"1","  ordinary text without R code
"
"1","
"
"1","  |                                                                                              "
"1","  |....................................................................................    |  95%"
"1","
"
"1","label:"
"1"," "
"1","unnamed-chunk-11"
"1","
"
"1","  |                                                                                              "
"1","  |........................................................................................| 100%"
"1","
"
"1","  ordinary text without R code
"
"1","
"
"1","
"
"1","/Applications/RStudio.app/Contents/MacOS/pandoc/pandoc +RTS -K512m -RTS 3_countySummaries2.utf8.md --to html4 --from markdown+autolink_bare_uris+tex_math_single_backslash --output outputs/summary_test_2.html --lua-filter /Library/Frameworks/R.framework/Versions/4.0/Resources/library/rmarkdown/rmarkdown/lua/pagebreak.lua --lua-filter /Library/Frameworks/R.framework/Versions/4.0/Resources/library/rmarkdown/rmarkdown/lua/latex-div.lua --self-contained --standalone --section-divs --template /Library/Frameworks/R.framework/Versions/4.0/Resources/library/rmarkdown/rmd/h/default.html --no-highlight --variable highlightjs=1 --variable 'theme:bootstrap' --include-in-header /var/folders/rw/ffxd5mbs6_sd4n7w_2_xdwc00000gn/T//RtmpEJNrRv/rmarkdown-str1bf96fb7657c.html --mathjax --variable 'mathjax-url:https://mathjax.rstudio.com/latest/MathJax.js?config=TeX-AMS-MML_HTMLorMML'"
"1"," "
"1","
"
